sku_id,product_id,product_name,category
1732395284470731437,1732395280065008301,"Midahs Glow and Go Stack: Pumpkin Seed Oil Softgels, Collagen Capsules, Saffron Capsules & Pure Magnesium Glycinate",Collagen
1729472123193037485,1729385034798305965,Organic Spirulina Vitamins 720 Tablets,Greens & Superfoods
1729472110485213869,1729401441123537581,Elemental Mineral & Vitamins Complex Magnesium Citrate 400mg 240 Capsules,Minerals
1731271457293046445,1731271444701483693,Pure Vitamin C 2000 mg 240 capsules vegetarian,Vitamins
1731642532748038829,1731642528423645869,Alpha Lipoic Acid Coconut Oil 600mg 120 Softgels,Supplements
1730397927466439341,1729385034772615853,Pumpkin Seed Oil Saw Palmetto 300 Softgels,Specialty Oils
1732380636874838701,1732380634062688941,"Dr. Faith’s anti-aging protocol: Methylated Multivitamin, NMN Complex & Astaxanthin",Longevity
1730948629481427629,1730948575583113901,"D Mannose Cranberry Women 1,300mg 240 Veggie Capsules Vegetarian",Supplements
1732359257396122285,1732359254318617261,Organic Hemp Protein,Sports Nutrition
1731154968622633645,1729385034780414637,Multi Collagen Biotin Women & Men Powder 2lb,Collagen
1730622297810244269,1730622096159249069,Amino Acid & Mineral Complex L-Theanine 200mg 400 Softgels,Supplements
1731049343599219373,1731049332389941933,20‑in‑1 Complex Milk Thistle 240 capsules vegetarian,Supplements
1729498135881160365,1729498137517266605,Eva's Berries and Flowers Bundle: Goji Berries 2lb & Hibiscus Flowers 2lb,Supplements
1729498133980681901,1729498131107124909,"Maria's Calidad de Vida Pack: Saffron+ 60 capsules, Moringa 300 capsules & Supreme Omega-3 Fish Oil 60 Softgels",Omega & Fish Oil
1730273228857053869,1730273157819241133,"Omega 3 1,000 mg 300 Softgels",Omega & Fish Oil
1729472121526981293,1729385034706424493,B-Complex Pantothenic Acid 500mg 365 capsules,Supplements
1732305996362060461,1732305997286445741,Glycine Powder 1000mg 500 g,Supplements
1731168740725985965,1731168740140552877,Multi‑Strain Probiotics Prebiotics Men & Women 200 Billion CFU 120 capsules vegetarian,Gut Health
1729503583234201261,1729399281757885101,Odorless Garlic 2 Years Aged Garlic Extract 300 Softgels,Supplements
1729570664981369517,1729570622882157229,Bovine Colostrum Powder 8 oz,Supplements
1729499626988933805,1729385055201432237,Magnesium Citrate powder 2 lbs vegetarian,Minerals
1730665085988475565,1730213941645972141,CoQ10 100 mg 240 Softgels,Supplements
1732298191198458541,1729399281757885101,Garlic 150 Softgels,Supplements
1729659709436433069,1729659644788773549,Lion’s Mane Mushroom Extract L‑Ergothioneine 240 capsules vegetarian,Supplements
1729569001269007021,1729500839029084845,"Potassium Coconut Water powder 1,000mg 1 lb (69 servings)",Supplements
1732296397225562797,1732054072365191853,Mermaid Glow bundle: Astaxanthin 120 Softgels & Pumpkin Seed Oil with Saw Palmetto 150 Softgels,Antioxidants
1729479860852724397,1729385034741093037,Omega‑3 Fish Oil 1000mg DHA 500mg EPA 200 Softgels,Omega & Fish Oil
1730527067888390829,1729547195048235693,Hair Growth Vitamins 14‑in‑1 Biotin Women & Men 120 Capsules,Vitamins
1732136147577770669,1732136165533717165,"Reduced Glutathione Complex NAD 3,000mg 120 Caps Vegetarian",Longevity
1729569001269072557,1729500839029084845,Potassium Coconut Water Powder 1000mg 1 lb,Supplements
1732188528395195053,1731897179340706477,"Micro Ingredients Signature Bundle: Oregano Oil 150 Softgels, Supreme Omega-3 Fish Oil 60 Softgels, Turmeric Curcumin 120 Vegetarian Capsules, Multi Collagen Complex 240 Capsules, Saffron+ Advanced 60 Capsules & Vitamin D3 K2 180 Softgels",Collagen
1731512139007824557,1729385062794433197,Organic Spirulina Vegan Powder 1lb,Greens & Superfoods
1731897145221092013,1731897130910716589,Micro Ingredients Ultimate Anti Aging Bundle: Multi Collagen Peptides Powder 1LB & Liposomal NAD+ 60 Veggie Capsules & Supreme Omega-3 Fish Oil 60 Softgels,Collagen
1732283801946329773,1730224159374873261,Micro Ingredients Coffee Lover Bundle: Organic Mushroom Coffee 14OZ & MCT Oil Powder 1LB,Supplements
1729471970599932589,1729385062754194093,Organic Multivitamins Spinach Powder 1 Pound Vegan,Vitamins
1730000521815167661,1730000448502862509,"Micro Ingredients Blueberry Bundle 3 Pack: Organic Blueberry Extract Powder, 10 oz Healthcare Dietary",Supplements
1729827432753762989,1729827114818900653,Micro Ingredients Core Health Duo: Vitamin D3 K2 5000IU 300sg + Triple Strength Omega 3 Fish Oil 240 sg,Omega & Fish Oil
1731653190860772013,1731653190083973805,Magnesium Complex Vitamin C 300 capsules,Minerals
1731824444630864557,1731824354184958637,Turmeric Ginger Gummies 120 Count,Joint & Inflammation
1732277848345449133,1732277848170402477,15‑in‑1 Complex Tongkat Ali Men & Women 240 Softgels,Supplements
1729483174899847853,1729483174899782317,"Vitamin B12 Methylcobalamin 5,000 mcg 240 tablets Vegetarian",Vitamins
1730803758401360557,1729541484576281261,Micro Ingredients Hero Pack: Multi Collagen Peptides Powder & Vitamin D3 K2 10000IU Softgels,Collagen
1731517765920330413,1731517783164031661,Mineral Electrolyte Complex Potassium 300 Capsules,Hydration
1731106144214618797,1729385034772615853,Pumpkin Seed Oil Saw Palmetto 150 Softgels,Specialty Oils
1731512139007890093,1729385062794433197,Organic Spirulina Vegan powder 2lb,Greens & Superfoods
1731637794718716589,1731637895605752493,Vitamin D3 K2 Iron Women & Men 45 mg 240 capsules vegetarian,Vitamins
1731823680365105837,1731823676018627245,Omega‑3 Fish Oil Vitamin D3 60 ct softgels,Omega & Fish Oil
1732271200977457837,1732271199656645293,"Nattokinase CoQ10 10,000 FU 240 capsules vegetarian",Supplements
1731612443388187309,1731612433076359853,multi- B Complex Women Prenatal 240 Veggie Capsules vegetarian,Supplements
1731154968622568109,1729385034780414637,Multi Collagen Biotin Women & Men Powder 1lb,Collagen
1731481183911449261,1731481178363761325,"NAD+ Ultimate Complex Resveratrol Women & Men 1,000mg 60 Capsules Vegetarian",Longevity
1731154968622699181,1729385034780414637,Multi Collagen Peptides Biotin powder 40 stick packs,Collagen
1729621550435635885,1729621566387884717,Essential Amino Acids Taurine Powder 2000mg 1 KG,Supplements
1729399281667248813,1729399281667183277,Organic Lemon Juice powder 10 Ounce Vegetarian,Supplements
1729489776137376429,1729409264350630573,"Vitamin D3 K2 (Virgin Coconut Oil) 5,000 IU + 100 mcg 300 Softgels",Vitamins
1729587748991701677,1729385065246462637,Glutathione Inositol powder 5 Ounce vegan,Supplements
1730929128908427949,1730929088963187373,"Turmeric Curcumin 1,000mg 120 capsules vegetarian",Joint & Inflammation
1731538135688450733,1731538133525172909,Beet Root Softgels 360,Supplements
1729473782244151981,1729385034800730797,Organic Spirulina Chlorella Tablets 720 Count,Greens & Superfoods
1732395271688196781,1732395270370398893,Micro Ingredients Mag Duo 2-Pack Bundle,Supplements
1729488171457024685,1729399278420267693,Organic Matcha Green Tea powder 1 Lb.,Supplements
1732380585344406189,1732380582916166317,"Kellie’s Menopause Bundle: Collagen Powder, Astaxanthin, Omega-3 Fish Oil, Vitamin D3K2, Pumpkin Seed Oil, NMN Complex",Collagen
1732054142402204333,1732054133816070829,organic Beet Root powder 2 Pounds vegetarian,Supplements
1729399281711944365,1729399281711878829,Organic Chlorella Powder 10 Ounce Vegetarian,Greens & Superfoods
1732267424013914797,1732267421895463597,Micro Ingredients Pineapple Coconut Smoothie Bundle: Organic Pineapple Powder 8oz & Organic Coconut Milk Powder 2LB & Golden Monk Fruit Sweetener 4LB,Supplements
1729507632539473581,1729478007534360237,"Phil's Joint Tonic Bundle: Turmeric Curcumin, Supreme Omega-3 Fish Oil & Collagen Peptides Powder",Collagen
1732296397072405165,1732230689916424877,Micro Ingredients Inside-Out Defense Bundle: Oregano Oil 150 Softgels + Astaxanthin 12mg 120 Softgels,Antioxidants
1732283807185146541,1732183927743484589,"Micro Ingredients Hair & Muscle Nourish Bundle: Multi Collagen Peptides Powder 1LB, Creatine Powder 1.1LB, Vitamin D3K2 10,000IU 180 Softgels & Pumpkin Seed Oil 150 Softgels",Collagen
1731297993300087469,1729829529724621485,Myo‑Inositol D‑Chiro Inositol Women Powder 40:1 2lb Vegan,Supplements
1731556340724961965,1731556430736167597,"Vitamin C powder 1,000 mg 40 packets",Vitamins
1729743008343233197,1729742988600513197,"Micro Ingredients Hydration Duo Bundle: Electrolyte Powder, pack of 2 Healthcare Natural",Hydration
1732296385579815597,1729409703327011501,Astaxanthin MCT Oil 12 mg 60 Softgels,Antioxidants
1732261002807055021,1732261002434548397,GABA MCT Oil Vitamin B6 750 mg 300 Softgels,Vitamins
1732409342165488301,1732409343333274285,"Zitting’s Cellular Core Bundle: Liver advanced, Berberine, NMN Complex & Astaxanthin",Longevity
1729472122831344301,1729385055183409837,Organic Tart Cherry powder 4oz vegetarian,Supplements
1729471968732287661,1729442266877301421,B complex Benfotiamine 600mg 240 softgels,Supplements
1729498159330398893,1729399282285187757,"Vitamin D3 K2 (Virgin Coconut Oil) 50,000 IU + 200 mcg 240 Softgels",Vitamins
1731932350116303533,1731932347489620653,Hyaluronic Acid Vitamin B5 liquid 2% 4 fl oz.,Vitamins
1732395276465902253,1732395276400038573,"Sleep & Beauty Renewal Trio: NMN Complex, Mag Duo & Collagen Powder",Collagen
1729498142796191405,1729498143301801645,Matcha Tea Lover Bundle: Matcha Green Tea Powder 1lb & MCT Oil Powder 1lb,Supplements
1732296397614584493,1732159763236360877,Micro Ingredients The Eternal Glow Set: Multi Collagen Complex 240 Capsules & Astaxanthin 12mg 120 Softgels,Collagen
1731763670806532781,1731763032019210925,Micro Ingredients Cardio Guard Bundle: Omega 3 Fish Oil 4200mg 120 Softgels + CoQ10 200mg with MCT oil 240 softgels,Omega & Fish Oil
1732025487268090541,1732025486769820333,Berberine MCT Oil 1000mg 240 Softgels,Supplements
1732313772175889069,1732313768228262573,"Nicole Glow Up Bundle: Hydration Electrolytes Powder 1LB, Mega Probiotics 120 Veggie Capsules, Pumpkin Seed Oil 150 Softgels & Vitamin D3 K2 10000IU 180 Softgels",Specialty Oils
1732294828562682541,1732294829891490477,MUSTBECINDY Live Exclusive Bundle: Mushroom Coffee & Multi Collagen Peptides Powder,Collagen
1732186706129621677,1732186714174821037,Tongkat Ali+ Maca Men 240 Softgels,Supplements
1732294834058072749,1732294825523712685,Youth Renewal Duo: Multi Collagen Peptides Powder & NMN Complex,Collagen
1729503594462549677,1731976483732624045,NMN Complex 10-in-1 1000mg 60 capsules vegetarian,Longevity
1732287636012569261,1732287636147966637,NMN 2-Pack Value Bundle | More Support for Energy & Aging,Longevity
1729473783448572589,1729385055251436205,"Vitamin K2 MK‑7, Coconut Oil 200 mcg per serving 300 softgels",Vitamins
1729471968156029613,1729385057728434861,"Essential Prenatal Vitamins Coconut Oil prenatal 1,000 mcg 500 softgels",Vitamins
1729743135532618413,1729385057951847085,Organic Cinnamon Powder 1 lb,Supplements
1729399282198745773,1729399282198680237,"Vitamin D3 K2 5,000 IU + 100 mcg 300 Softgels",Vitamins
1729492330580252333,1729492330741536429,"Drew Review's Balanced Vitality Bundle: NMN complex 1000mg Capsules, Electrolyte Powder (Lemon Raspberry Flavor), Methylated B Complex Capsules",Longevity
1731253174068548269,1729399282198680237,"Vitamin D3 K2 5,000 IU + 100 mcg 180 Softgels",Vitamins
1732296391475106477,1729492324123317933,Brooke's Anti-Aging Bundle: NMN Complex 1000mg 120 Capsules & Astaxanthin 12mg 120 Softgels,Longevity
1729473784864281261,1729385034814231213,Allulose powder 3 lbs vegetarian,Supplements
1732296404695421613,1729492321719916205,"Jose’s Longevity Essentials: Astaxanthin Softgels, Supreme Omega-3 Fish Oil Softgels & Collagen Peptides Powder",Collagen
1732043435618898605,1732043437634654893,Paquete de Café Dulce: Café de Setas Instantáneo 28oz + Endulzante Dorado de Fruta del Monje con Eritritol 4LB,Supplements
1729685566115189421,1729685532688487085,Micro Ingredients Beauty & Brains Capsule Kit,Supplements
1731106131060298413,1729409286232314541,Hyaluronic Acid Powder 50 grams Vegan,Supplements
1729507630200297133,1732159757288510125,"Micro Ingredients Autumn’s Peri Power Bundle: Saffron+ Advanced, Supreme Omega-3 Fish Oil, NMN Complex & Multi Collagen Peptides Powder",Collagen
1729472123479757485,1729385055237345965,Organic Stevia Powder 4 Ounces,Supplements
1729494567263442605,1732085247438131885,"Micro Ingredients Powerhouse Bundle: Liver+ Advanced, Supreme Omega-3 Fish Oil, Saffron+ Advanced, NMN Complex, Moringa Capsules & D3K2 10000IU Softgels",Longevity
1732296403106697901,1732054126272811693,Liz’s Choice: Triple Magnesium Complex 300 Capsules & Astaxanthin 120 Softgels & Supreme Omega-3 Fish Oil 60 Softgels & Vitamin D3 K2 5000IU with coconut oil 300 Softgels,Minerals
1729472120497541805,1729385034746991277,Organic Pomegranate Juice Powder Powder 1 Pound Vegetarian,Supplements
1729617022552740525,1729617013418463917,Micro Ingredients Strawberry Matcha Kit: Organic Strawberry Powder 1LB & Organic Matcha Green Tee Powder 1LB,Supplements
1730803753601897133,1729543714389070509,Micro Ingredients Immunity Burst Bundle: Oregano Oil with Black Seed Oil & Triple Strength Omega 3 Fish Oil Softgels,Omega & Fish Oil
1731196121192305325,1729385055218078381,Goat Milk powder 2 lb,Supplements
1730527465028227757,1729385055232561837,Oil of Oregano Black Seed Oil 300 Count,Supplements
1731205535395648173,1729543713147687597,Micro Ingredients Multi Collagen Powder 1LB & Omega 3 Fish Oil 120 Softgels,Collagen
1732425391122977453,1732395280065008301,"Midahs Glow and Go Stack: Pumpkin Seed Oil Softgels, Collagen Capsules, Saffron Capsules & Pure Magnesium Glycinate",Collagen
1729471970506740397,1729385057877201581,L-Theanine Powder 100 grams Vegetarian,Supplements
1729472109033984685,1729385057733415597,Potassium Citrate powder 1 KG vegetarian,Supplements
1729473784441442989,1729385057740493485,Organic Strawberry Powder 1 Lb Vegetarian,Supplements
1729471967967285933,1729385057812517549,Organic Turkey Tail Mushroom Pet Powder 8 Ounce,Supplements
1729621732363178669,1729621711928726189,Organic Triple Fiber Powder 2lb Vegan,Gut Health
1731884974524699309,1731884970342650541,Micro Ingredients Harmony Gold Pack: Turmeric Curcumin 1000mg 120 Vegetarian Capsules & Saffron+ Advanced Supplements 60 Vegetarian Capsules,Mood & Stress
1731992367789871789,1731976483732624045,NMN Complex 1000mg 120 capsules vegetarian,Longevity
1729472650378646189,1729385034784674477,Pure Organic Stevia Powder 8 oz,Supplements
1732054076613497517,1732054083042448045,Perimenopause Bundle: Supreme Omega-3 Fish Oil 60 Softgels & CoQ10 200mg 240 Softgels & Vitamin D3K2 10000 IU 180 Softgels & Myo D-Chiro Inositol Powder 1LB,Omega & Fish Oil
1732296396845781677,1732054056958202541,"Emily May’s Glow Hair bundle: Astaxanthin 120 Softgels, Pumpkin Seed Oil 150 Softgels, Vitamin D3 K2 10000IU 180 Softgels",Antioxidants
1732043419074728621,1732043415573729965,Paquete de Café de Setas para la Belleza: olvo de Colágeno Hidrolizado Multi Tipo 1LB+ Café de Setas Instantáneo 14oz,Supplements
1729410549623788205,1729410549623722669,Vitamin C Powder Women & Men 2.2 lbs,Vitamins
1729621810471211693,1729385062721884845,Organic Pineapple Powder 8oz Vegetarian,Supplements
1732425392357151405,1731884970342650541,Micro Ingredients Harmony Gold Pack: Turmeric Curcumin 1000mg 120 Vegetarian Capsules & Saffron+ Advanced Supplements 60 Vegetarian Capsules,Mood & Stress
1731382556201751213,1731382555314852525,"Black Seed Oil Oil of Oregano 3,000mg 240 Count",Supplements
1729484769797969581,1729484763376883373,"NAC NAD+ 1,200 mg 240 Vegetarian Capsules",Longevity
1732425396032737965,1732159757288510125,"Micro Ingredients Autumn’s Peri Power Bundle: Saffron+ Advanced, Supreme Omega-3 Fish Oil, NMN Complex & Multi Collagen Peptides Powder",Collagen
1732425396711953069,1732085247438131885,"Micro Ingredients Powerhouse Bundle: Liver+ Advanced, Supreme Omega-3 Fish Oil, Saffron+ Advanced, NMN Complex, Moringa Capsules & D3K2 10000IU Softgels",Longevity
1729472124137607853,1729385057878708909,Organic Camu Camu Powder 12 oz Vegetarian,Supplements
1729399281957704365,1729399281957573293,Organic Acerola Cherry Vitamin C Powder 8 Ounce 2-pack,Vitamins
1729473789001241261,1729385065242268333,Organic Beetroot Powder 4 lbs Vegetarian,Supplements
1729399281667314349,1729399281667183277,Organic Lemon Juice Powder Vitamin C powder 2‑pack Vegetarian,Vitamins
1731880649082507949,1731880630630257325,Allulose powder 300 packets vegan,Supplements
1732350516249072301,1732350512805221037,"Amber's Anti-aging Bundle: Methylated Multivitamin 240 Capsules, NMN Complex 120 Capsules & Multi Collagen 240 Capsules",Collagen
1732425399048639149,1731897179340706477,"Micro Ingredients Signature Bundle: Oregano Oil 150 Softgels, Supreme Omega-3 Fish Oil 60 Softgels, Turmeric Curcumin 120 Vegetarian Capsules, Multi Collagen Complex 240 Capsules, Saffron+ Advanced 60 Capsules & Vitamin D3 K2 180 Softgels",Collagen
1731880532321473197,1731880527522992813,"Micro Ingredients Dracula's Choice: Vitamin D3K2 5,000IU 180 Softgels & Lutein with Zeaxanthin 240 Softgels",Vitamins
1729471979695805101,1729385037271831213,Organic Bamboo Extract Silica Powder 8 oz Vegan,Supplements
1729472109033919149,1729385055244292781,Organic Blueberry Extract Powder 10oz Vegetarian,Supplements
1729472114683318957,1729385065246659245,Trans‑Resveratrol Vitamin E Powder 5 Ounce,Vitamins
1729621514707047085,1729621569152586413,Biotin Hyaluronic Acid 1 per day 365 softgels,Beauty & Hair
1729488722586801837,1729484766867658413,"Organ Blend Women 1,200 mg 240 capsules",Supplements
1732273537149670061,1732273537049531053,"Multi Collagen Creatine Women powder 5,000mg",Collagen
1729472122770133677,1729385065265074861,Potassium Chloride powder 1 KG,Supplements
1732302807243592365,1732302805245661869,"Beet Root Complex, CoQ10 3,000 mg 300 capsules",Supplements
1731880515474330285,1731880508501234349,Micro Ingredients Moonlit Renewal Bundle: Pumpkin Seed Oil 150 Softgels & Multi Collagen Peptides Powder 1LB,Collagen
1731813476218606253,1731813321903018669,Micro Ingredients Jeff's Thrive Duo: Beet Root 9000mg with MCT Oil 360 Softgels + CoQ10 100mg with MCT oil 240 Softgels,Supplements
1732289434720965293,1731813279973675693,Micro Ingredients Cardio Wellness Duo Bundle: Odorless Garlic 7500mg 300 Softgels + CoQ10 100mg with MCT oil 240 Softgels,Supplements
1732305859655865005,1732305858228359853,"Bovine Colostrum Probiotics 1,000 mg 240 capsules",Gut Health
1732425400776037037,1731475000923755181,"Micro Ingredients Total Body Reset Bundle: Saffron Advanced, Turmeric Curcumin, Moringa & Liver Advanced+",Mood & Stress
1729571623859884717,1729571610592449197,Multi Collagen Peptides Biotin Women & Men Powder 20 Servings 8 oz,Collagen
1731437122669875885,1731437106382017197,Micro Ingredients Oil of Oregano Family 2 Pack,Supplements
1730071878471422637,1729385057931268781,Organic Blue Spirulina Powder powder 30 servings 30 servings vegetarian,Greens & Superfoods
1732305883470009005,1732025486769820333,Berberine MCT Oil 1000mg 120 Softgels,Supplements
1732434996857115309,1729498131107124909,"Maria's Calidad de Vida Pack: Saffron+ 60 capsules, Moringa 300 capsules & Supreme Omega-3 Fish Oil 60 Softgels",Omega & Fish Oil
1729472123166823085,1729401442466763437,Organic Chlorella 500mg 720 tabs vegetarian,Greens & Superfoods
1731884958290121389,1731884953447469741,Micro Ingredients Dr Love's Favorite Bundle: Collagen Peptides Powder 1LB + MCT Oil Powder 1LB + Mushroom Coffee 14oz,Collagen
1731315522533692077,1731315509656851117,"Micro Ingredients Summer Refresh Pack: Electrolyte Powder 1 lb, Chlorophyll 240 Veggie Capsules & Blue Spirulina Powder 60g",Greens & Superfoods
1731304092374635181,1731304093506572973,"Micro Ingredients Feel-Good Flow Bundle: Omega 3 Fish Oil 120 softgels, Turmeric 120 Veggie Capsules & Vitamin D3 K2 10000IU 180 Softgels",Omega & Fish Oil
1731322310193615533,1731322301298676397,Organic Matcha powder 100 servings,Supplements
1729621551573013165,1729621527455109805,Organic Coconut Milk Powder Powder 2 Lb,Supplements
1729473793966445229,1729385065271628461,Cayenne Pepper powder 6 lbs,Supplements
1731556445299446445,1731556442719556269,Ceylon Cinnamon MCT Oil 300 softgels,Supplements
1731272474486280877,1731272474247795373,Herbal Relief Kit: Oil of Oregano 150 softgels & Turmeric 120 Capsules,Joint & Inflammation
1730622613430112941,1730622493175747245,Micro Ingredients Detox Drink Essentials Bundle: Ceylon Cinnamon Powder 1lb & Lemon Juice Powder 10oz,Supplements
1732262535501681325,1732262535143330477,"Chromium Picolinate 1,000 mcg 500 Softgels",Supplements
1729471970525221549,1729385065240761005,Organic Pea Protein BCAA Powder 1kg Vegetarian,Sports Nutrition
1729494596339471021,1729385065179419309,Organic Sunflower Lecithin Protein Lactation Powder 1 Pound,Sports Nutrition
1732447662552224429,1732447661604836013,"Heart and Hustle Stack: Beet Root Softgels, Astaxanthin 12mg Softgels, CoQ10 100mg Softgels",Antioxidants
1732447651581956781,1732447652468921005,"Men's Essence Bundle: Supreme Omega-3 Fish Oil, Pure Methylated Multivitamin for Men, Triple Magnesium Complex",Minerals
1732445734112694957,1732445736180355757,"Hero Products Bundle: Pumpkin Seed Oil with Saw Palmetto, NMN Complex, Multi Collagen Peptides",Collagen
1729472009929265837,1729385065281524397,Organic Saw Palmetto Powder 4 Ounce,Supplements
1729472120646505133,1729385065360102061,Organic Dragon Fruit Powder Powder 10oz Vegetarian,Supplements
1731721068297491117,1731721010660938413,"Micro Ingredients Hair Thick & Strong Bundle: Pumpkin Seed Oil 300 softgels + Vitamin D3K2 5,000IU 180 softgels",Specialty Oils
1730308636270826157,1730308517739991725,Multi Collagen Vitamin C Complex 120 gummies,Collagen
1729532721214296749,1729532718751781549,Creatine Women & Men Powder 5000mg 500 grams Vegetarian,Sports Nutrition
1731500220142686893,1731500217038836397,Micro Ingredients Turmeric Veggie Capsules Family 3 Pack,Joint & Inflammation
1731956993855623853,1731956968369525421,Boise Brooke‘s Supreme Choice Bundle: Supreme Omega-3 Fish Oil 60 softgels + Vitamin D3 K2 5000IU with coconut oil 300 softgels,Omega & Fish Oil
1732380619716334253,1732380621772198573,"Clint's Reta Stack: Omega-3 Fish Oil, Methylated Multivitamin, CoQ10, Vitamin D3K2, NMN Complex, Creatine Powder, Collagen Powder",Collagen
1730665085988541101,1730213941645972141,CoQ10 200mg 240 Softgels,Supplements
1732287432568967853,1732062447355073197,"Micro Ingredients Super Hero Bundle: D3K2 10000IU Softgels, Collagen Powder, Supreme Omega-3 Fish Oil & NMN Complex",Collagen
1731971946264629933,1731971939063993005,Micro Ingredients Immunity Supreme Bundle: Oregano Oil with Black Seed Oil 150 Softgels & Supreme Omega-3 Fish Oil 60 Softgels,Omega & Fish Oil
1731721010217718445,1731721063379997357,"Micro Ingredients Cortisol Calm Kit: Vitamin D3K2 5,000IU 300 softgels & Magnesium Glycinate 400mg 240 capsules",Minerals
1731500200940901037,1731500193265521325,Micro Ingredients Oil of Oregano Family 3 Pack,Supplements
1731475025641509549,1731475022271255213,"Micro Ingredients Matcha Ritual Kit: Electrolyte Powder, Ceremonial Matcha Powder & Colostrum Powder",Hydration
1731437292690576045,1731437286651826861,Micro Ingredients Turmeric Veggie Capsules Family 2 Pack,Joint & Inflammation
1731475009982272173,1731475000923755181,"Micro Ingredients Total Body Reset Bundle: Saffron Advanced, Turmeric Curcumin, Moringa & Liver Advanced+",Mood & Stress
1731437281079104173,1731437265476358829,Micro Ingredients Multi Collagen Peptides Powder Family Pack,Collagen
1731283929760174765,1731283927865463469,Micro Ingredients Dr. Love's Heart Strong Duo: CoQ10 100mg 240 softgels & Magnesium Glycinate 400mg 240 capsules,Minerals
1731272469407699629,1731272476735476397,Hair Bloom Essentials Bundle: Pumpkin seed oil 150 softgels & Hair Vitamin 120 Capsules,Specialty Oils
1732395164878934701,1731067348981617325,Boise Brooke's Choice Bundle: Vitamin D3K2 5000IU & Omega Fish Oil 120 Softgels,Omega & Fish Oil
1732283803923288749,1730596106189574829,Micro Ingredients Hair Root Revival Bundle,Supplements
1729571637565100717,1729571626768110253,Micro Ingredients Complete Omega Bundle: Omega 3 Fish Oil 120 Softgels & Antarctic Krill Oil 300 Softgels,Omega & Fish Oil
1730527554996179629,1729543714389070509,Micro Ingredients Immunity Burst Bundle: Oregano Oil with Black Seed Oil & Triple Strength Omega 3 Fish Oil Softgels,Omega & Fish Oil
1731211257995694765,1729541484576281261,Micro Ingredients Hero Pack: Multi Collagen Peptides Powder & Vitamin D3 K2 10000IU Softgels,Collagen
1729541487853081261,1729541478550180525,Micro Ingredients Daily Essential Bundle: Vitamin D3 K2 Supplement & Triple Strength Omega 3 Fish Oil Supplement Fitness Supplement,Omega & Fish Oil
1729492124755923629,1729492124755858093,Micro Ingredients Sunshine & Sea Bundle: Vitamin D3 5000iu + K2 & Organic & Chlorella Spirulina Tablets Bundle Healthcare Dietary,Greens & Superfoods
1729471969626460845,1729385057882116781,Organic Boswellia Extract Powder 8 Ounce,Supplements
1729483948161536685,1729385055254581933,Organic Ashwagandha Root Powder 2 lb,Mood & Stress
1729399282198811309,1729399282198680237,"Vitamin D3 K2 Sunflower Oil 5,000 IU + 100 mcg 600 Softgels 2‑pack",Vitamins
1729472640075797165,1729385065123451565,organic Acai powder 8oz vegetarian,Supplements
1729472109910135469,1729385065212121773,Organic Barley Grass Juice Powder Vegan 10 Ounce,Supplements
1729503566503712429,1729385062770184877,Organic Barley Grass Powder 16 oz,Supplements
1729489777484927661,1729409264350630573,"Vitamin D3 K2 Virgin Coconut Oil 2,000 IU + 50 mcg 300 Softgels",Vitamins
1731689981864612525,1731689939310318253,"14‑in‑1 Iron Bisglycinate, Folate 60 capsules vegetarian",Supplements
1732323031629599405,1732323032940450477,"3-in-1 Herbal Blend, Dandelion Root Extract 1,000mg per serving 240 Softgels",Supplements
1729472123089687213,1729385037133484717,Organic He Shou Wu Fo Ti Extract Powder 6 Ounce,Supplements
1729471970493174445,1729385065274512045,Organic Elderberry Juice Powder Powder 4 oz Vegan,Supplements
1732351783478071981,1732351783849071277,Elderberry Complex 7‑in‑1 360 Softgels,Supplements
1730680244147491501,1729399282285187757,"Vitamin D3 K2 (Virgin Coconut Oil) 10,000 IU + 200 mcg 180 Softgels",Vitamins
1729471972628730541,1729385037148033709,Organic Goji Powder 16 ounces Vegan,Supplements
1731659181354422957,1731659179383296685,Multivitamin B Complex Men 240 capsules,Vitamins
1729492383337518765,1729492382847571629,Alpha GPC MCT Oil 600 mg 240 Softgels,Supplements
1729654620443087533,1729654581238076077,Monk Fruit Sweetener Allulose 2 lbs Vegan,Supplements
1731106131060232877,1729409286232314541,Hyaluronic Acid powder 100 grams vegetarian,Supplements
1729399281957638829,1729399281957573293,Organic Acerola Vitamin C powder 8 oz vegetarian,Vitamins
1729472122724979373,1729385055165256365,Organic Amla Gooseberry powder 32oz vegetarian,Supplements
1729472136959201965,1729385037135844013,Organic Acacia Senegal Fiber Powder 2 lb Vegan,Gut Health
1732390325033145005,1730657812285330093,Ashwagandha Black Pepper,Mood & Stress
1732296385579618989,1729409703327011501,Astaxanthin MCT Oil 12 mg 120 Softgels,Antioxidants
1729472121416159917,1729385037120770733,Organic Beet Root Juice Powder Powder 1 lb Vegetarian,Supplements
1730467283461575341,1729385055255892653,Organic Lion's Mane Mushroom 16oz Powder Vegan,Supplements
1732390325033079469,1730657812285330093,Ashwagandha Coconut MCT Oil 300 softgels,Mood & Stress
1731049351191761581,1731049328819081901,Berberine Ceylon Cinnamon Turmeric Cinnamon 240 Veggie Capsules vegetarian,Joint & Inflammation
1729472117220807341,1729385037249286829,Organic Marshmallow Root Powder 8 Ounce Vegan,Supplements
1729472109218796205,1729385065292993197,Organic Celery Juice Powder Vitamin C Powder 20 Ounce Vegan,Vitamins
1729471970585973421,1729385055233872557,Stevia Allulose Keto powder 4 lb vegetarian,Supplements
1729743135532552877,1729385057951847085,Organic Ceylon Cinnamon Powder 2 lb,Supplements
1729534619859587757,1729385055184196269,Melatonin 20mg 400 tablets Vegetarian,Supplements
1729474561934529197,1729399281575891629,Magnesium Chloride powder 6 lbs,Minerals
1731642306541163181,1731642305209471661,Methylfolate B6 15mg 240 Softgels,Supplements
1731625128590545581,1731625123156497069,Melatonin Adults Gummies 20mg 120 Count,Supplements
1732418992694858413,1729385057951847085,Organic Ceylon Cinnamon Powder 8 oz,Supplements
1729471968971166381,1729385057922880173,Organic Milk Thistle Silymarin Powder 3.5 ounces Vegetarian,Supplements
1729489797405840045,1729385057785057965,Organic multi- Mushroom Coffee powder 28 Ounce,Supplements
1732279638089503405,1732273580697490093,Multi-Magnesium Powder,Minerals
1731531854121964205,1731531853527552685,Silymarin Antioxidants Softgels 360,Supplements
1731794147223048877,1731794145346556589,Magnesium Glycinate 400mg 120 count,Minerals
1731884925204009645,1731884923410879149,Kids Magnesium Citrate Gummies 120 Count,Minerals
1732307762610737837,1732307758270419629,Magnesium Glycinate MCT Oil 800 mg 240 Softgels,Minerals
1729471790134301357,1729399276068901549,"Organic Guarana Caffeine powder 1,000mg 8 oz Vegan",Supplements
1729472108683498157,1729391870301213357,Omega 3-6-9 3600mg 300 softgels,Omega & Fish Oil
1731336899557561005,1731336890040947373,"Organic Spirulina Chlorella Tablets 2,500 tablets",Greens & Superfoods
1731835425501581997,1731835420419592877,multi-mushroom 120 count,Supplements
1731962516294832813,1731962524756972205,NMN 200mg 120 capsules vegetarian,Longevity
1730820133011034797,1730820071306924717,19-in-1 Vitamin C 240 capsules,Vitamins
1729607850487747245,1729385037155701421,Organic Dandelion Root Powder 1 lb,Supplements
1729498159330333357,1729399282285187757,"Vitamin D3 K2 (Virgin Coconut Oil) 10,000 IU + 200 mcg 300 Softgels",Vitamins
1729532721214362285,1729532718751781549,Creatine Women & Men Powder 5000mg 1kg Vegetarian,Sports Nutrition
1729471969262080685,1729385055190618797,Citric Acid powder 6 pounds,Supplements
1731996801926927021,1731987675326681773,Organic Castor Oil Liquid 32 fl oz,Supplements
1729489777484862125,1729409264350630573,"Vitamin D3 K2 Virgin Coconut Oil 1,000 IU + 25 mcg 300 Softgels",Vitamins
1729607850487812781,1729385037155701421,Organic Dandelion Root Powder 8oz,Supplements
1731794104138568365,1731794172886028973,"Creatine Monohydrate 5,000mg 120 count Women & Men",Sports Nutrition
1732305841201255085,1732305854491562669,"Citrus Bergamot Extract MCT Oil 1,000 mg 240 Softgels",Supplements
1729471968627757741,1729385065230471853,Quercetin Powder 500mg 100g Vegetarian,Supplements
1730870393542382253,1730870341972890285,Sodium Potassium 160 servings 40 pieces,Supplements
1729472122682446509,1729385057769460397,Pine Pollen Powder 6 Ounce Vegetarian,Supplements
1729472109226398381,1729385057768280749,Organic Raspberry Juice powder 8oz oz vegetarian,Supplements
1732186706268426925,1732186705297314477,Super Enzymes Prebiotics & Probiotics Women & Men 240 Veggie Capsules,Gut Health
1732032099028800173,1732032091754893997,Rosemary Essential Oil liquid 8 fl oz,Supplements
1732315368095060653,1732315367781012141,5‑in‑1 Psyllium Husk 240 capsules vegetarian,Supplements
1729471977704559277,1729385065301709485,L-Glutamine powder 2.2lbs vegetarian,Supplements
1729471971793081005,1729385057929826989,Organic Ginkgo Biloba Women & Men Powder 8 oz Vegan,Supplements
1729399281712009901,1729399281711878829,Organic Chlorella Protein powder 20 oz vegetarian,Greens & Superfoods
1729472120276751021,1729385062737875629,Organic Goji Berries 2lbs Vegetarian,Supplements
1729503550460892845,1732136227325973165,"Glutathione 1,000mg 120 capsules vegetarian",Supplements
1731129847500608173,1731129836858806957,Chlorophyll Super Greens Complex 240 capsules vegetarian,Supplements
1732139363029062317,1732139358160982701,Fat Soluble Ascorbyl Palmitate Complex Glutathione 500mg 240 capsules vegetarian,Supplements
1729399276073226925,1729399276073161389,"Omega‑3s EPA, DHA Astaxanthin 1000mg 300 Soft‑Gels",Antioxidants
1729472123623674541,1729385037189780141,Organic Reishi Mushroom Extract 16 oz vegetarian,Supplements
1730003206249353901,1730002788856402605,Calcium Bentonite Clay powder 2 lbs,Supplements
1731388241540059821,1731388234721497773,KSM‑66 Ashwagandha Gummies 120 Count,Mood & Stress
1731438182044963501,1731438177240912557,"Myo‑Inositol & D‑Chiro Inositol Women 2,050 mg 240 Veggie Capsules Vegetarian",Supplements
1731776348910424749,1731776356200190637,"KSM‑66 Ashwagandha Black Pepper 1,000mg 120 Veggie Capsules vegetarian",Mood & Stress
1731987562834793133,1729399276073161389,Krill Oil Astaxanthin 1000mg 150 Soft‑Gels,Antioxidants
1731932353877086893,1731932350520988333,Whey Protein Isolate BCAAs Women & Men Powder 2 lbs,Sports Nutrition
1732302814919955117,1732302811034456749,Herbal Complex Rhodiola Rosea 500 mg 240 capsules vegetarian,Supplements
1729472650185380525,1729385037150589613,"Creatine Monohydrate 5,000mg 500 Capsules",Sports Nutrition
1732043469851562669,1731823676018627245,Omega‑3 Fish Oil Vitamin D3 120ct,Omega & Fish Oil
1730467283461640877,1729385055255892653,Organic Lion's Mane Mushroom Powder 8oz Vegetarian,Supplements
1732267439644906157,1732267443309023917,"Shilajit Complex, Maca Root Men Women capsules 240 capsules",Supplements
1729492370631530157,1729492370539321005,Probiotic Prebiotic 10 Billion CFU 240 capsules Vegetarian,Gut Health
1729472109601067693,1729391837296956077,Organic Cranberry Juice Powder powder 8 Ounce,Supplements
1729496507541263021,1729496507541197485,Hydrolyzed Collagen Peptides Women & Men Powder 1 lb,Collagen
1731154968622764717,1729385034780414637,Multi Collagen Peptides Biotin powder 2lb,Collagen
1731267115808821933,1730213941645972141,CoQ10 400 mg 240 Softgels,Supplements
1729482836786714285,1729482835128784557,Magnesium Complex Vitamin D3 K2 Women 240 Capsules Vegetarian,Minerals
1732273520356266669,1732273519499383469,"Taurine CoQ10 1,000 mg 400 Softgels",Supplements
1732302766282478253,1732302765779620525,Probiotics Prebiotics Men 100 Billion CFU 120 Capsules Vegetarian,Gut Health
1729473783462990509,1729385055222469293,Mannose Women and Men powder vegetarian,Supplements
1729472109026841261,1729385034756887213,DIM Broccoli Extract 300mg 240 capsules vegetarian,Supplements
1729621595960349357,1729621493962085037,Evening Primrose Oil Black Cohosh Extract liquid 1300mg 240 Softgels,Supplements
1729472122682774189,1729385057929237165,Organic Triphala Powder 2 Pounds Vegetarian,Supplements
1729399278111789741,1729399278111724205,Erythritol powder 6 lb Vegan,Supplements
1730071878471357101,1729385057931268781,Organic Blue Spirulina Powder powder 60 servings vegetarian,Greens & Superfoods
1731271438717391533,1731271409698902701,TUDCA Bile Salts 7‑in‑1 Complex 2000mg 240 capsules,Supplements
1729554652933690029,1729554647561966253,Organic Strawberries 6.4oz Vegetarian,Supplements
1731443787337667245,1731443779287945901,Vitamin B2 Riboflavin Women & Men 400mg 240 Softgels,Vitamins
1731607551194272429,1731607547801670317,"Vitamin D3 K2 5,000 IU + 100 mcg 120 Count",Vitamins
1729472109131240109,1729385062816977581,Organic Nutritional Yeast Vegan Protein Vegan Powder 2 Pounds,Sports Nutrition
1729473787057902253,1729444852214698669,Quercetin Vitamin C 500 mg 240 capsules,Vitamins
1729472122770199213,1729385055170499245,Xanthan Gum powder 2lb weight vegetarian,Supplements
1729472109880119981,1729385034806563501,Organic Ginger powder 2lbs,Supplements
1729472123085689517,1729435358486827693,Whole Milk Powder powder 4 lb,Supplements
1732129850317116077,1732129849845650093,10‑in‑1 Zinc Men & Women 75mg 240 capsules vegetarian,Supplements
1731196121192370861,1729385055218078381,Goat Milk Powder powder 1 Lb,Supplements
1729621771372827309,1729621756315407021,Organic Hibiscus Loose Leaf 2lbs,Supplements
1731653315936752301,1731653313336742573,Complex NAD+ Women 180 Capsules Vegetarian,Longevity
1729418749772862125,1729385055244161709,Organic Inulin FOS Powder 2.2 lbs Vegetarian,Supplements
1729471969666241197,1729385055183540909,Organic Inulin Fiber Powder 2lb Vegetarian,Gut Health
1730397986926138029,1729385062794171053,Organic MCT Oil Powder Prebiotic Fiber Powder 1 lb Vegetarian,Gut Health
1729493370581193389,1729385065177977517,Lutein Zeaxanthin Astaxanthin Eye + Vision Health 40mg 240 Softgels,Antioxidants
1729496508508574381,1729496508508508845,Marine Collagen Natural Protein Pescatarian Powder 1 lb,Collagen
1729493370581127853,1729385065177977517,Lutein Zeaxanthin 20mg 400 Count,Supplements
1732447623990252205,1732447621028090541,Magnesium Oil Spray,Minerals
1730000136908280493,1729999972362130093,Magnesium Glycinate 400mg 240 capsules,Minerals
1730771480499294893,1730771367562613421,Magnesium Glycinate 500mg 240 capsules,Minerals
1729499311425557165,1729411007179952813,Omega 3 EPA 4200mg 120 Softgels,Omega & Fish Oil
1729587749360341677,1729587715576533677,Multi Collagen Vitamin C Complex Women & Men 240 Capsules,Collagen
1729607867420414637,1729385037161403053,Organic 10-in-1 Blend 5 oz Vegan,Supplements
1731297993300021933,1729829529724621485,Myo‑Inositol D‑Chiro Inositol Women Powder 1 lb Vegan,Supplements
1730596186840011437,1730596069594469037,11-in-1 Formula Vitamin C 240 capsules,Vitamins
1732365246216377005,1731685179018810029,Nattokinase 4000FU 200 mg,Supplements
1729607867420349101,1729385037161403053,Organic Complex Mushroom Powder 10 Ounce Vegan,Supplements
1729473277149352621,1729385037168349869,Monk Fruit Sweetener Allulose 2 lbs,Supplements
1729489797405905581,1729385057785057965,Organic Multi-Mushroom Liquid 14 oz,Supplements
1730317943391359661,1730317785550525101,Moringa Oleifera Supergreens Blend 300 capsules,Supplements
1730297767756796589,1729385034701574829,Organic Moringa Oleifera Antioxidants,Supplements
1731685139297571501,1731685179018810029,7‑in‑1 Ultra Absorption Nattokinase 200mg 240 Softgels,Supplements
1731517708368253613,1731517697925747373,"Multi- Vitamin B, C Women 240 Capsules",Vitamins
1731884955812205229,1731884952210477741,NAC NAD+ Women & Men 600mg 300 Softgels,Longevity
1732356226056032941,1732356221925036717,Apple Cider Vinegar Methylcobalamin,Supplements
1729473786785075885,1729385034730279597,Bee Pollen granules 2 lb,Supplements
1732414208320705197,1732414205375517357,Berberine MCT Oil 500 mg,Supplements
1729471981313757869,1729385057886835373,Organic Broccoli DIM powder 1 pound vegan,Supplements
1729471968971100845,1729385062746067629,Organic Cordyceps Mushroom Extract Powder 8 Ounces,Supplements
1729472148005360301,1729385065288340141,COQ10 Powder 200mg 50g Vegetarian,Supplements
1731587413751403181,1731587320293266093,Kids Omega‑3 DHA 200mg 240 softgels vegetarian,Omega & Fish Oil
1729568956390216365,1729568940603511469,Magnesium Citrate Powder 1 lb Vegetarian,Minerals
1732382208747999917,1732382205519631021,Electrolytes Sodium Potassium,Hydration
1729472123905872557,1729385062766252717,organic Garlic powder 3 lb,Supplements
1729473281757844141,1729385057769853613,Golden Monk Fruit Sweetener Erythritol powder 4 lb Vegan,Supplements
1732186722946028205,1732186704879719085,Organic Hibiscus 200 Count,Supplements
1729471973213901485,1729385065268613805,Citrulline Malate Citrulline Nitrate Powder 500g Vegetarian,Supplements
1729472123193103021,1729385065158972077,Organic Kelp Powder Powder 2 lb Vegan,Supplements
1729471976234324653,1729385065254523565,Organic Kale Powder 2 lb Vegetarian,Supplements
1732359110908154541,1732359217713549997,Maca Root Extract 750mg Supplement,Supplements
1731297994624307885,1730615270799479469,NAC NAD+ 600mg 300 Softgels,Longevity
1731297994624373421,1730615270799479469,NAC NAD+ 600 mg 150 softgels,Longevity
1729603630509822637,1729603596478747309,Organic Bee Pollen powder 1 lb,Supplements
1729570652871955117,1729570635245720237,Organic Collagen Peptides Natural Protein Powder 12oz,Collagen
1730397875582636717,1729385037259051693,Organic Schisandra Powder 8 Ounce,Supplements
1729499311425622701,1729411007179952813,Omega 3 Fish Oil 4200mg 240 Softgels,Omega & Fish Oil
1730519715870839469,1730519688393298605,"Omega 3 Fish Oil 1,200mg 240 Softgels",Omega & Fish Oil
1731432390650532525,1731432254827958957,Oil of Oregano Black Seed Oil – Carvacrol Thymoquinone Liquid 4 fl oz Vegan,Supplements
1731382612086330029,1731382600884589229,Selenium Coconut Oil Women & Men 200mcg 500 Softgels,Supplements
1729494596339536557,1729385065179419309,"Sunflower Lecithin 1,600mg 300 Softgels",Supplements
1730527465028293293,1729385055232561837,Oil of Oregano Black Seed Oil 150 Count,Supplements
1730397955223622317,1729385057817236141,Organic Slippery Elm Bark Powder 1 Pound,Supplements
1732404836938453677,1732404833859113645,Phosphatidylserine 600mg,Supplements
1729476543504421549,1729385055189111469,Organic Papaya Fruit Powder Powder 8 Ounce Vegetarian,Supplements
1729471969440993965,1729385057753862829,Organic Shiitake Mushroom Powder 8 oz Vegan,Supplements
1732380560870904493,1732380557024203437,PQQ,Supplements
1731206203551748781,1729625700024816301,Micro Ingredients Magic Frother Green,Supplements
1731206203551814317,1729625700024816301,Micro Ingredients Magic Frother Black,Supplements
1732384576501289645,1729399271616385709,Micro Ingredients Turmeric Curcumin Powder 100g,Joint & Inflammation
1729471967600218797,1729385057915671213,Micro Ingredients Inositol Powder for Optimal Health,Supplements
1729471972002665133,1729385065162117805,"Micro Ingredients D-Aspartic Acid DAA Capsules, 300 counts",Supplements
1732377409709839021,1732377415902204589,Micro Ingredients Mother's day bundle,Supplements
1730511150869877421,1730511073043321517,Micro Ingredients Hot Chocolate Glow Duo,Supplements
1729471973989978797,1729385037156291245,Organic Wheat Grass Powder Powder 16 Ounce Vegetarian,Supplements
1729659904977244845,1729659875755856557,Omega 3 Algae Oil Flaxseed & ALA 500mg DHA & 100mg DPA 240 Softgels Vegan,Omega & Fish Oil
1729472648999834285,1729413046216790701,Xylitol Sweetener 6 Pounds,Supplements
1729472124057129645,1729385055279223469,Vitamin E 1000 IU 240 softgels,Vitamins
1729471969170330285,1729402877680521901,Rhodiola Rosea Root Extract Powder 50 g,Supplements
1732425376363221677,1731272430020367021,Saffron,Mood & Stress
1732425376363156141,1731272430020367021,Saffron Vitamin C vegetarian 60 capsules,Mood & Stress
1730297767756731053,1729385034701574829,Organic Moringa Oleifera Leaf Powder 2 Pound Vegetarian,Supplements
1729472140758913709,1729385065162838701,Monk Fruit Sweetener Erythritol powder 4 Pounds vegan,Supplements
1729472123522749101,1729435700478710445,Unlisted Product 749101,Supplements
1730657866583610029,1730657812285330093,Unlisted Product 610029,Supplements
1731054898242622125,1731054876367688365,Unlisted Product 622125,Supplements
1731272436924256941,1731272430020367021,Unlisted Product 256941,Supplements
1732001417788166829,1729385057951847085,Unlisted Product 166829,Supplements
1732283751819874989,1731067348981617325,Unlisted Product 874989,Supplements
1732296397324128941,1731474982482055853,Unlisted Product 128941,Supplements
